Local authority / region code,Local authority / region name,"Oct-19
(25kW and above)","Jan-20
(25kW and above)","Apr-20
(25kW and above)","Jul-20
(25kW and above)","Oct-20
(25kW and above)","Jan-21
(25kW and above)","Apr-21
(25kW and above)","July-21
(25kW and above)","Oct-21
(25kW and above)","Jan-22
(25kW and above)","Apr-22
(25kW and above)","July-22
(25kW and above)","Oct-22
(25kW and above)","Jan-23
(25kW and above)","Apr-23
(25kW and above)","Jul-23
(25kW and above)
[Note 4]","Oct-23
(50kW and above)
[Note 4]","Jan-24
(50kW and above)","Apr-24
(50kW and above)","Jul-24
(50kW and above)","Oct-24 
(50kW and above) [Note 14]",Jan-25 (50kW and above),Apr-25 (50kW and above),Jul-25 (50kW and above)
K02000001,United Kingdom,"2,495","2,829","3,107","3,206","3,530","3,880","4,259","4,551","4,923","5,156","5,494","5,974","6,395","6,887","7,647","8,461","8,908","10,118","11,590","12,474","13,683","14,448","15,446","16,677"
K03000001,Great Britain,"2,476","2,810","3,088","3,187","3,508","3,860","4,239","4,530","4,902","5,134","5,469","5,953","6,373","6,861","7,610","8,404","8,853","10,040","11,457","12,323","13,530","14,284","15,256","16,489"
E92000001,England,"2,008","2,288","2,526","2,615","2,909","3,214","3,523","3,732","4,058","4,258","4,541","4,965","5,325","5,631","6,253","6,974","7,402","8,428","9,576","10,314","11,356","12,070","12,712","13,694"
E12000001,North East,98,108,117,118,156,172,183,209,229,230,252,282,259,283,336,353,337,386,422,419,539,539,590,636
E06000047,County Durham,13,13,14,14,15,19,21,24,26,29,36,38,42,52,55,60,67,70,77,81,95,97,124,127
E06000005,Darlington,2,2,2,2,3,3,3,5,4,4,4,4,4,5,5,7,6,6,9,8,9,6,13,12
E06000001,Hartlepool,0,0,1,1,1,1,1,2,3,3,3,3,2,4,6,5,5,8,8,8,8,8,8,14
E06000002,Middlesbrough,4,6,6,6,6,7,7,7,7,7,11,11,11,11,15,15,16,18,23,23,24,24,24,25
E06000057,Northumberland,24,26,26,26,38,43,47,58,73,71,71,84,65,69,72,78,65,65,65,43,122,128,133,143
E06000003,Redcar and Cleveland,1,1,1,1,2,2,4,5,5,5,5,5,9,9,13,13,13,13,13,14,15,14,14,17
E06000004,Stockton-on-Tees,9,9,10,10,12,12,12,12,12,12,13,14,14,19,25,25,25,34,37,36,40,43,42,48
E11000007,Tyne and Wear (Metropolitan County),45,51,57,58,79,85,88,96,99,99,109,123,112,114,145,150,140,172,190,206,226,219,232,250
E08000037,Gateshead,12,13,14,15,18,19,18,19,21,18,24,27,23,23,43,47,48,67,73,76,80,75,80,93
E08000021,Newcastle upon Tyne,4,5,6,6,18,18,20,25,25,26,27,30,28,30,32,32,29,35,39,48,50,43,46,52
E08000022,North Tyneside,2,4,7,7,13,15,15,14,15,18,18,24,20,19,19,20,18,24,26,26,29,22,23,22
E08000023,South Tyneside,8,8,8,8,8,9,9,11,11,11,14,14,14,11,11,11,6,5,8,7,10,12,12,11
E08000024,Sunderland,19,21,22,22,22,24,26,27,27,26,26,28,27,31,40,40,39,41,44,49,57,67,71,72
E12000002,North West,227,255,285,297,314,323,345,372,393,410,432,491,553,615,669,733,801,977,"1,162","1,294","1,423","1,509","1,627","1,826"
E06000008,Blackburn with Darwen,2,2,2,2,7,7,7,7,7,7,8,10,15,12,16,16,16,16,22,20,21,24,24,24
E06000009,Blackpool,0,1,1,1,2,2,2,2,2,1,1,2,2,2,2,3,3,3,3,3,9,18,18,18
E06000049,Cheshire East,22,23,23,24,25,26,27,30,33,33,35,33,36,40,49,50,51,54,63,59,57,84,87,104
E06000050,Cheshire West and Chester,6,6,8,8,10,11,12,16,16,19,21,21,23,25,27,29,28,40,45,45,45,54,59,62
E06000063,Cumberland (from April 2023),[x],[x],[x],[x],[x],[x],[x],[x],[x],[x],[x],[x],[x],[x],[x],22,34,48,79,81,117,100,106,110
E06000006,Halton,0,0,1,2,2,2,2,5,5,5,5,5,5,4,6,7,7,8,8,9,8,7,7,8
E06000007,Warrington,17,17,18,18,18,18,18,19,19,19,19,17,27,27,29,31,32,30,33,33,34,34,41,49
E06000064,Westmorland and Furness (from April 2023),[x],[x],[x],[x],[x],[x],[x],[x],[x],[x],[x],[x],[x],[x],[x],64,65,69,79,78,77,82,84,100
E10000006,Cumbria (abolished April 2023),45,54,58,59,61,61,62,62,62,62,64,72,74,74,78,[x],[x],[x],[x],[x],[x],[x],[x],[x]
E07000026,Allerdale (abolished April 2023),6,6,6,6,6,6,6,6,6,6,6,6,8,8,8,[x],[x],[x],[x],[x],[x],[x],[x],[x]
E07000027,Barrow-in-Furness (abolished April 2023),0,,0,0,0,0,1,1,1,1,1,1,1,1,2,[x],[x],[x],[x],[x],[x],[x],[x],[x]
E07000028,Carlisle (abolished April 2023),5,5,7,7,7,7,7,7,6,7,7,7,7,7,6,[x],[x],[x],[x],[x],[x],[x],[x],[x]
E07000029,Copeland (abolished April 2023),1,1,2,2,2,2,2,2,2,2,2,2,2,2,2,[x],[x],[x],[x],[x],[x],[x],[x],[x]
E07000030,Eden (abolished April 2023),17,18,19,20,22,22,22,22,23,22,22,22,22,22,22,[x],[x],[x],[x],[x],[x],[x],[x],[x]
E07000031,South Lakeland (abolished April 2023),16,24,24,24,24,24,24,24,24,24,26,34,34,34,38,[x],[x],[x],[x],[x],[x],[x],[x],[x]
E11000001,Greater Manchester (Metropolitan County),44,48,58,61,63,69,76,85,101,107,113,150,167,211,218,265,285,402,466,565,590,596,639,724
E08000001,Bolton,2,3,3,3,3,3,3,6,6,6,8,8,8,10,8,11,21,22,33,28,37,32,58,62
E08000002,Bury,0,0,0,0,0,0,0,0,3,3,3,5,8,11,10,9,11,26,30,34,28,30,29,29
E08000003,Manchester,14,13,13,14,10,10,13,15,15,17,19,25,25,48,46,62,60,70,74,84,75,82,86,118
E08000004,Oldham,0,1,3,3,4,4,4,6,6,7,9,10,10,12,16,24,25,30,57,61,61,69,69,69
E08000005,Rochdale,7,6,8,8,8,8,8,5,10,10,10,10,10,11,10,16,24,31,30,41,46,62,72,58
E08000006,Salford,9,9,11,11,10,13,13,13,13,13,13,18,21,21,23,24,26,24,32,35,28,32,31,30
E08000007,Stockport,3,7,9,9,14,15,16,16,16,16,16,18,21,25,27,35,34,34,51,73,110,102,105,114
E08000008,Tameside,4,4,4,5,4,5,6,9,9,9,9,10,16,17,18,18,18,19,19,26,23,25,27,33
E08000009,Trafford,1,1,1,1,2,2,2,2,10,11,11,29,32,38,39,47,48,120,110,127,129,112,114,145
E08000010,Wigan,4,4,6,7,8,9,11,13,13,15,15,17,16,18,21,19,18,26,30,56,53,50,48,66
E10000017,Lancashire,71,80,89,94,95,97,107,110,108,114,119,131,144,154,160,166,194,216,251,280,336,362,391,409
E07000117,Burnley,1,1,2,3,3,3,3,3,3,5,8,10,10,11,11,13,14,17,18,18,19,21,21,22
E07000118,Chorley,20,20,20,20,20,20,20,21,21,22,23,25,25,25,25,34,47,51,59,60,71,86,82,87
E07000119,Fylde,1,3,3,3,3,3,3,3,3,3,3,6,10,10,10,10,10,10,10,21,22,23,44,39
E07000120,Hyndburn,3,3,5,5,6,6,6,7,4,5,5,5,3,9,9,9,9,9,9,9,10,10,10,5
E07000121,Lancaster,6,6,12,12,12,13,13,13,13,15,16,18,20,20,21,18,22,23,26,26,39,44,42,41
E07000122,Pendle,5,5,5,5,5,5,5,5,5,5,5,5,5,5,5,5,5,5,5,5,5,7,25,25
E07000123,Preston,8,11,11,13,13,13,14,14,15,15,15,15,14,15,17,15,14,15,23,32,39,31,37,43
E07000124,Ribble Valley,1,1,1,1,1,1,1,1,1,1,1,1,1,1,1,1,1,1,1,1,1,4,4,4
E07000125,Rossendale,0,1,1,2,2,2,2,2,2,2,2,2,6,6,7,7,15,15,25,25,26,17,14,15
E07000126,South Ribble,10,10,10,10,10,11,12,12,12,12,12,13,15,16,17,16,18,19,21,28,51,52,49,64
E07000127,West Lancashire,9,10,10,10,10,10,18,18,18,18,18,20,20,21,21,23,23,23,25,25,23,23,21,21
E07000128,Wyre,7,9,9,10,10,10,10,11,11,11,11,11,15,15,16,15,16,28,29,30,30,44,42,43
E11000002,Merseyside (Metropolitan County),20,24,27,28,31,30,32,36,40,43,47,50,60,66,84,80,86,91,113,121,129,148,171,218
E08000011,Knowsley,3,3,4,4,5,5,5,5,5,6,7,7,8,8,12,16,16,14,15,16,19,17,30,41
E08000012,Liverpool,8,9,10,10,11,10,10,12,12,14,15,17,20,19,25,23,29,30,38,42,40,42,41,53
E08000014,Sefton,3,5,5,5,5,5,7,8,10,10,12,12,14,18,21,22,22,21,25,25,29,40,50,46
E08000013,St. Helens,3,4,5,6,6,6,6,6,5,5,5,3,7,10,15,11,11,11,20,23,23,24,25,48
E08000015,Wirral,3,3,3,3,4,4,4,5,8,8,8,11,11,11,11,8,8,15,15,15,18,25,25,30
E12000003,Yorkshire and the Humber,150,182,228,248,280,311,332,341,369,387,439,491,531,558,582,697,743,763,830,876,953,"1,062","1,165","1,212"
E06000011,East Riding of Yorkshire,2,1,6,7,7,7,7,7,8,8,11,11,12,13,17,20,23,23,26,28,27,23,24,25
E06000010,"Kingston upon Hull, City of",4,5,6,6,8,8,8,8,9,10,13,15,16,16,21,27,33,29,31,31,37,34,33,39
E06000012,North East Lincolnshire,4,3,5,6,6,6,6,7,7,8,8,8,8,8,8,12,12,15,16,16,46,34,34,34
E06000013,North Lincolnshire,2,2,3,3,2,3,3,3,3,3,4,13,13,14,16,17,16,19,20,23,22,21,25,25
E06000065,North Yorkshire (from April 2023),[x],[x],[x],[x],[x],[x],[x],[x],[x],[x],[x],[x],[x],[x],[x],110,136,140,143,145,144,159,172,175
E06000014,York [Note 13],13,13,13,13,13,14,13,13,13,13,14,27,28,29,29,42,43,45,35,36,35,34,50,49
E10000023,North Yorkshire (abolished April 2023),25,28,32,34,42,43,44,41,45,45,56,58,74,81,82,[x],[x],[x],[x],[x],[x],[x],[x],[x]
E07000163,Craven (abolished April 2023),1,1,1,2,4,4,4,4,4,4,4,6,6,6,6,[x],[x],[x],[x],[x],[x],[x],[x],[x]
E07000164,Hambleton (abolished April 2023),2,2,4,5,10,10,10,10,10,10,10,10,10,13,14,[x],[x],[x],[x],[x],[x],[x],[x],[x]
E07000165,Harrogate (abolished April 2023),9,12,13,13,14,14,14,11,12,12,20,20,34,35,35,[x],[x],[x],[x],[x],[x],[x],[x],[x]
E07000166,Richmondshire (abolished April 2023),10,10,10,10,10,10,10,10,10,10,11,11,11,14,14,[x],[x],[x],[x],[x],[x],[x],[x],[x]
E07000167,Ryedale (abolished April 2023),2,2,3,3,3,3,3,3,4,4,4,4,4,4,4,[x],[x],[x],[x],[x],[x],[x],[x],[x]
E07000168,Scarborough (abolished April 2023),1,1,1,1,1,1,1,1,1,1,3,3,3,3,3,[x],[x],[x],[x],[x],[x],[x],[x],[x]
E07000169,Selby (abolished April 2023),0,0,0,0,0,1,2,2,4,4,4,4,6,6,6,[x],[x],[x],[x],[x],[x],[x],[x],[x]
E11000003,South Yorkshire (Metropolitan County),45,50,61,62,68,74,86,87,91,95,105,107,112,116,123,148,155,149,158,165,183,242,282,327
E08000016,Barnsley,2,3,5,5,6,6,6,6,7,7,11,11,11,11,11,16,20,20,21,22,23,37,37,43
E08000017,Doncaster,11,11,13,13,15,17,18,18,18,21,23,22,23,23,28,32,29,27,32,38,43,56,62,79
E08000018,Rotherham,24,24,25,26,28,28,29,28,28,29,31,32,34,36,37,42,39,36,45,58,57,57,73,79
E08000019,Sheffield,8,12,18,18,19,23,33,35,38,38,40,42,44,46,47,58,67,66,60,47,60,92,110,126
E11000006,West Yorkshire (Metropolitan County),55,80,102,117,134,156,165,175,193,205,228,252,268,281,286,321,325,343,401,432,459,515,545,538
E08000032,Bradford,10,21,25,28,33,37,38,42,43,44,47,48,54,55,58,60,66,68,75,82,91,106,113,118
E08000033,Calderdale,7,9,13,13,13,18,17,17,29,29,31,35,35,34,34,34,34,38,48,50,49,68,71,61
E08000034,Kirklees,6,6,9,9,15,17,18,20,21,24,26,28,34,32,32,36,35,43,53,57,63,70,70,73
E08000035,Leeds,21,27,35,46,48,56,63,66,69,78,87,92,96,96,97,111,104,107,108,114,120,125,141,141
E08000036,Wakefield,11,17,20,21,25,28,29,30,31,30,37,49,49,64,65,80,86,87,117,129,136,146,150,145
E12000004,East Midlands,128,179,202,213,231,261,300,311,347,373,408,445,490,511,570,627,726,834,962,"1,073","1,160","1,197","1,195","1,321"
E06000015,Derby,8,13,13,13,14,14,17,19,20,25,31,41,45,46,55,61,59,70,73,79,82,90,85,86
E06000016,Leicester,2,2,2,3,3,3,3,1,1,1,2,3,2,1,3,3,5,5,44,55,71,56,57,64
E06000061,North Northamptonshire (from April 2021),[x],[x],[x],[x],[x],[x],[x],16,18,19,19,19,21,23,32,37,42,48,60,64,69,71,73,85
E06000018,Nottingham,24,28,28,28,32,46,49,48,48,48,53,67,70,71,71,69,73,74,80,83,87,90,97,112
E06000017,Rutland,0,0,1,1,1,1,3,3,3,3,3,3,3,3,2,2,4,4,4,7,7,7,7,7
E06000062,West Northamptonshire (from April 2021),[x],[x],[x],[x],[x],[x],[x],24,29,31,39,37,50,57,66,56,84,105,102,119,115,105,108,116
E10000007,Derbyshire,12,23,31,34,37,38,51,54,56,59,60,60,61,61,68,73,89,100,103,119,160,170,172,188
E07000032,Amber Valley,1,2,4,4,4,4,4,5,5,5,5,5,5,5,8,8,8,7,8,18,24,29,25,27
E07000033,Bolsover,4,5,5,5,5,5,14,16,16,16,16,16,18,18,18,20,20,20,18,18,18,24,24,33
E07000034,Chesterfield,1,5,5,7,5,5,7,7,7,9,10,10,10,10,12,13,13,26,24,25,59,44,53,52
E07000035,Derbyshire Dales,0,0,2,1,1,1,1,1,1,2,2,2,1,1,1,4,12,12,12,12,12,13,13,17
E07000036,Erewash,3,4,6,6,7,7,9,9,10,10,10,10,10,10,10,10,10,10,13,18,17,26,25,25
E07000037,High Peak,0,1,2,4,8,9,9,10,10,10,10,10,10,10,10,10,16,15,17,17,19,18,19,19
E07000038,North East Derbyshire,0,2,2,2,2,2,2,2,2,2,2,2,2,2,3,3,3,3,3,3,3,3,2,2
E07000039,South Derbyshire,3,4,5,5,5,5,5,4,5,5,5,5,5,5,6,5,7,7,8,8,8,13,11,13
E10000018,Leicestershire,10,11,15,16,17,17,21,33,38,45,46,45,47,56,54,61,80,91,113,125,146,143,150,174
E07000129,Blaby,4,4,4,4,5,5,5,13,13,15,13,13,15,20,20,20,25,25,34,34,37,37,43,63
E07000130,Charnwood,2,3,3,4,3,3,4,6,6,7,7,6,6,6,6,7,21,26,27,35,39,38,38,39
E07000131,Harborough,2,2,3,3,3,3,3,3,6,6,6,6,6,6,6,11,10,10,13,13,26,20,20,20
E07000132,Hinckley and Bosworth,0,0,1,1,1,1,1,1,3,3,5,5,5,11,7,5,6,8,13,17,17,18,18,17
E07000133,Melton,0,0,2,2,2,2,2,2,2,2,2,2,2,1,1,2,2,2,2,2,2,2,2,4
E07000134,North West Leicestershire,2,2,2,2,2,2,2,3,3,7,8,8,8,7,7,9,9,13,17,17,17,20,21,23
E07000135,Oadby and Wigston,0,0,0,0,1,1,4,5,5,5,5,5,5,5,7,7,7,7,7,7,8,8,8,8
E10000019,Lincolnshire,29,38,40,42,49,52,54,37,58,61,63,71,76,83,97,106,116,138,151,168,176,186,180,200
E07000136,Boston,1,1,1,1,5,5,5,5,5,7,7,7,9,9,12,12,12,13,13,13,19,19,19,31
E07000137,East Lindsey,4,5,5,5,6,6,6,6,6,6,6,7,7,7,8,9,10,11,13,13,11,12,10,16
E07000138,Lincoln,2,3,5,6,6,9,9,10,11,13,13,14,13,13,16,15,13,19,25,35,37,40,39,38
E07000139,North Kesteven,0,0,0,0,0,0,0,0,2,1,1,1,1,4,6,5,6,12,15,16,16,17,17,17
E07000140,South Holland,0,0,0,0,0,0,0,0,0,0,0,1,4,4,8,8,8,10,10,10,10,10,11,11
E07000141,South Kesteven,15,23,23,24,26,26,26,8,26,26,26,31,31,32,33,44,50,52,52,58,60,65,63,65
E07000142,West Lindsey,7,6,6,6,6,6,8,8,8,8,10,10,11,14,14,13,17,21,23,23,23,23,21,22
E10000021,Northamptonshire (abolished April 2021),23,29,30,30,32,33,37,[x],[x],[x],[x],[x],[x],[x],[x],[x],[x],[x],[x],[x],[x],[x],[x],[x]
E07000150,Corby (abolished April 2021),4,4,4,4,4,4,4,[x],[x],[x],[x],[x],[x],[x],[x],[x],[x],[x],[x],[x],[x],[x],[x],[x]
E07000151,Daventry (abolished April 2021),6,6,6,6,6,6,6,[x],[x],[x],[x],[x],[x],[x],[x],[x],[x],[x],[x],[x],[x],[x],[x],[x]
E07000152,East Northamptonshire (abolished April 2021),0,0,0,0,0,0,0,[x],[x],[x],[x],[x],[x],[x],[x],[x],[x],[x],[x],[x],[x],[x],[x],[x]
E07000153,Kettering (abolished April 2021),2,3,3,3,3,4,8,[x],[x],[x],[x],[x],[x],[x],[x],[x],[x],[x],[x],[x],[x],[x],[x],[x]
E07000154,Northampton (abolished April 2021),0,1,2,2,2,2,2,[x],[x],[x],[x],[x],[x],[x],[x],[x],[x],[x],[x],[x],[x],[x],[x],[x]
E07000155,South Northamptonshire (abolished April 2021),9,13,13,13,14,14,14,[x],[x],[x],[x],[x],[x],[x],[x],[x],[x],[x],[x],[x],[x],[x],[x],[x]
E07000156,Wellingborough (abolished April 2021),2,2,2,2,3,3,3,[x],[x],[x],[x],[x],[x],[x],[x],[x],[x],[x],[x],[x],[x],[x],[x],[x]
E10000024,Nottinghamshire,20,35,42,46,46,57,65,76,76,81,92,99,115,110,122,159,174,199,232,254,247,279,266,289
E07000170,Ashfield,1,3,2,2,2,2,4,4,4,4,8,10,10,10,12,13,11,11,11,11,21,22,24,26
E07000171,Bassetlaw,4,8,13,13,12,19,19,19,19,19,20,20,32,28,26,36,38,52,59,70,54,69,64,68
E07000172,Broxtowe,6,6,7,7,7,7,7,8,8,8,10,10,10,11,11,11,12,21,22,27,27,34,35,41
E07000173,Gedling,3,4,5,5,5,5,5,5,5,5,5,5,5,6,8,11,13,13,15,16,16,16,16,16
E07000174,Mansfield,3,8,6,6,7,9,10,11,11,12,12,12,12,12,15,18,20,20,20,25,25,33,33,33
E07000175,Newark and Sherwood,1,4,6,7,7,9,9,11,11,11,11,13,13,12,19,29,31,31,45,45,44,53,43,55
E07000176,Rushcliffe,2,2,3,6,6,6,11,18,18,22,26,29,33,31,31,41,49,51,60,60,60,52,51,50
E12000005,West Midlands,229,258,275,281,321,352,384,427,467,495,531,583,633,660,767,874,963,"1,096","1,224","1,275","1,414","1,462","1,476","1,574"
E06000019,"Herefordshire, County of",5,6,7,7,9,10,10,13,14,15,15,15,13,13,21,21,20,23,22,22,23,18,17,18
E06000051,Shropshire,14,17,17,19,19,21,21,21,23,23,25,26,27,27,26,36,35,38,41,42,46,51,52,65
E06000021,Stoke-on-Trent,5,3,4,4,5,6,8,8,10,10,10,15,19,20,25,31,37,44,44,37,50,40,49,62
E06000020,Telford and Wrekin,2,4,4,5,5,5,5,7,7,7,7,7,10,10,11,13,16,24,40,42,41,33,31,33
E10000028,Staffordshire,42,45,51,52,78,81,83,85,97,105,112,124,137,143,162,188,195,233,246,244,295,305,322,325
E07000192,Cannock Chase,5,7,7,7,7,8,9,9,9,9,11,11,16,17,22,23,26,26,27,26,35,41,53,57
E07000193,East Staffordshire,4,4,5,5,5,6,6,8,8,15,16,17,18,22,22,29,35,35,37,37,47,48,48,43
E07000194,Lichfield,1,1,2,2,3,3,3,3,2,2,4,5,5,5,8,8,12,12,14,14,13,21,19,19
E07000195,Newcastle-under-Lyme,19,19,19,19,20,20,21,22,22,22,22,23,23,25,28,30,30,32,39,31,45,40,48,50
E07000196,South Staffordshire,5,5,8,9,31,31,31,29,31,31,31,30,31,31,32,32,32,47,50,50,67,55,61,65
E07000197,Stafford,7,7,7,7,7,8,8,8,19,20,22,32,38,38,41,51,45,66,64,70,73,75,69,67
E07000198,Staffordshire Moorlands,0,1,1,1,2,2,2,2,2,2,2,2,2,2,3,5,5,5,5,5,4,4,4,4
E07000199,Tamworth,1,1,2,2,3,3,3,4,4,4,4,4,4,3,6,10,10,10,10,11,11,21,20,20
E10000031,Warwickshire,42,43,44,44,48,50,66,91,90,94,100,99,107,107,112,119,138,147,161,184,205,198,210,224
E07000218,North Warwickshire,4,4,4,4,4,4,19,19,19,19,20,20,20,20,20,20,23,23,23,22,22,10,22,22
E07000219,Nuneaton and Bedworth,5,5,5,5,5,6,6,6,6,7,7,8,9,9,10,13,13,14,14,13,18,25,24,25
E07000220,Rugby,0,0,0,0,3,3,3,27,27,27,30,28,28,28,28,32,48,49,58,68,70,73,75,73
E07000221,Stratford-on-Avon,28,28,28,28,29,30,31,31,31,30,31,31,39,39,40,34,37,44,49,62,66,61,59,73
E07000222,Warwick,5,6,7,7,7,7,7,8,7,11,12,12,11,11,14,20,17,17,17,19,29,29,30,31
E11000005,West Midlands (Metropolitan County),73,89,97,99,104,126,137,141,158,173,194,226,246,263,327,375,421,457,500,530,555,615,598,641
E08000025,Birmingham,6,10,12,13,11,27,28,31,44,50,67,82,96,109,125,141,160,164,171,188,197,223,227,223
E08000026,Coventry,30,34,38,39,42,43,46,45,45,49,50,50,51,51,61,71,72,72,77,79,75,93,90,90
E08000027,Dudley,7,9,11,11,11,11,11,11,11,11,13,15,16,18,34,46,49,66,70,69,79,84,79,97
E08000028,Sandwell,3,8,8,8,8,8,11,12,12,12,11,18,20,18,24,26,25,38,44,52,49,67,59,69
E08000029,Solihull,8,8,8,8,8,10,10,11,13,17,17,25,25,26,34,38,57,57,64,65,82,87,86,92
E08000030,Walsall,6,6,6,6,7,8,9,8,9,9,11,12,13,16,19,24,25,25,25,27,24,24,25,37
E08000031,Wolverhampton,13,14,14,14,17,19,22,23,24,25,25,24,25,25,30,29,33,35,49,50,49,37,32,33
E10000034,Worcestershire,46,51,51,51,53,53,54,61,68,68,68,71,74,77,83,91,101,130,170,174,199,202,197,206
E07000234,Bromsgrove,21,22,22,22,22,22,22,30,30,30,30,32,34,34,35,35,37,53,76,76,96,96,96,97
E07000235,Malvern Hills,4,4,4,4,4,4,4,4,4,4,4,4,4,4,4,4,4,4,7,8,8,7,7,7
E07000236,Redditch,2,2,2,2,3,3,3,2,2,2,2,5,5,6,7,7,7,7,7,7,9,8,10,9
E07000237,Worcester,6,6,6,6,7,7,7,7,13,13,13,12,13,13,14,18,20,26,31,33,37,39,30,33
E07000238,Wychavon,10,14,14,14,14,14,14,13,14,13,13,11,11,11,11,15,15,22,25,26,26,31,32,38
E07000239,Wyre Forest,3,3,3,3,3,3,4,5,5,6,6,7,7,9,12,12,18,18,24,24,23,21,22,22
E12000006,East of England,168,185,203,211,263,300,338,371,379,402,439,521,539,567,618,736,757,949,"1,080","1,195","1,426","1,501","1,559","1,730"
E06000055,Bedford,5,6,6,7,17,18,18,19,22,22,23,27,27,26,20,25,33,46,60,61,70,62,62,65
E06000056,Central Bedfordshire,9,8,9,9,10,10,11,11,13,13,12,11,13,13,17,17,19,28,33,57,70,78,99,99
E06000032,Luton,2,3,3,2,3,3,3,3,3,4,4,3,3,4,4,16,7,29,33,33,37,37,37,47
E06000031,Peterborough,9,9,9,11,11,14,15,14,14,14,14,14,14,18,22,26,27,35,35,43,41,48,52,60
E06000033,Southend-on-Sea,1,2,2,2,2,2,3,3,3,3,4,4,5,5,6,13,13,14,14,14,29,22,22,22
E06000034,Thurrock,9,9,10,10,10,10,11,10,11,11,35,46,44,44,44,46,45,61,61,67,66,65,68,68
E10000003,Cambridgeshire,16,16,18,24,32,32,36,50,52,54,52,54,54,57,61,88,87,97,116,142,167,169,160,206
E07000008,Cambridge,6,6,8,8,8,8,8,22,24,24,24,25,25,25,29,35,39,44,49,48,50,48,44,42
E07000009,East Cambridgeshire,2,2,2,2,2,2,2,2,2,2,3,3,3,3,3,3,3,4,6,9,6,9,9,6
E07000010,Fenland,0,0,0,0,1,1,1,1,1,1,1,1,1,1,1,1,2,2,3,3,4,5,5,5
E07000011,Huntingdonshire,3,3,3,8,10,10,14,14,14,15,15,16,16,16,16,31,31,32,41,65,66,55,49,76
E07000012,South Cambridgeshire,5,5,5,6,11,11,11,11,11,12,9,9,9,12,12,18,12,15,17,17,41,52,53,77
E10000012,Essex,34,37,44,43,62,88,96,109,109,117,122,128,139,143,150,171,182,226,236,241,320,335,333,382
E07000066,Basildon,0,0,2,2,5,6,9,10,10,11,11,11,11,11,11,14,13,24,18,18,28,29,31,27
E07000067,Braintree,4,5,5,5,5,23,23,35,35,35,35,35,34,36,35,36,43,43,44,22,63,64,47,47
E07000068,Brentwood,1,1,1,1,1,1,2,2,2,2,2,2,2,2,2,9,9,9,15,21,18,18,19,20
E07000069,Castle Point,1,1,1,1,2,2,3,3,3,3,3,3,3,3,3,3,3,3,3,3,3,7,13,14
E07000070,Chelmsford,6,6,7,7,8,16,16,16,16,19,21,21,20,20,20,21,22,20,20,22,32,32,38,42
E07000071,Colchester,5,7,8,8,20,19,19,19,19,21,24,25,29,29,29,30,30,43,45,48,47,46,43,47
E07000072,Epping Forest,6,6,6,6,8,8,9,9,9,9,8,10,10,11,19,22,25,26,30,33,32,33,33,54
E07000073,Harlow,0,0,0,0,0,0,0,0,0,0,0,0,0,0,0,0,0,6,6,7,7,7,7,7
E07000074,Maldon,1,1,1,1,1,1,1,1,1,1,2,3,3,4,4,4,3,2,4,8,8,8,8,8
E07000075,Rochford,0,0,2,2,2,2,4,4,4,6,6,8,10,10,11,11,11,18,18,15,15,14,15,16
E07000076,Tendring,2,2,3,2,2,2,2,2,2,2,2,2,8,8,8,9,9,10,9,15,15,24,25,45
E07000077,Uttlesford,8,8,8,8,8,8,8,8,8,8,8,8,9,9,8,12,14,22,24,29,52,53,54,55
E10000015,Hertfordshire,34,37,42,43,50,53,55,60,59,58,63,78,80,84,92,119,127,152,192,190,246,294,325,364
E07000095,Broxbourne,1,1,2,2,2,2,2,3,3,3,3,3,3,3,6,6,6,4,4,4,14,13,33,34
E07000096,Dacorum,2,3,4,4,4,4,4,4,4,4,4,4,6,6,6,7,8,21,32,31,44,43,47,50
E07000242,East Hertfordshire,0,0,0,0,0,0,0,0,0,0,0,2,2,2,2,14,14,14,14,15,16,17,17,18
E07000098,Hertsmere,15,15,16,16,17,17,17,19,19,19,19,25,27,28,29,26,26,34,41,40,66,94,99,87
E07000099,North Hertfordshire,3,4,4,4,8,8,8,10,10,9,10,15,15,15,18,27,22,21,22,21,21,22,22,22
E07000240,St Albans,5,5,6,6,6,6,6,6,6,6,10,10,12,10,11,11,15,14,14,15,22,23,23,33
E07000243,Stevenage,0,0,0,0,0,1,1,1,1,2,2,2,2,4,3,3,5,6,5,6,14,32,32,48
E07000102,Three Rivers,1,1,2,2,4,4,4,5,5,4,4,4,3,5,6,6,6,5,5,5,5,5,9,10
E07000103,Watford,4,4,4,5,5,7,8,7,7,7,7,7,4,4,4,7,7,8,21,20,13,22,18,38
E07000241,Welwyn Hatfield,3,4,4,4,4,4,5,5,4,4,4,6,6,7,7,12,18,25,34,33,31,23,25,24
E10000020,Norfolk,24,30,31,31,34,33,53,55,56,66,71,109,107,111,124,133,129,151,172,179,195,198,201,206
E07000143,Breckland,7,8,8,8,9,8,16,17,17,23,24,24,24,26,28,29,28,30,30,29,31,31,34,34
E07000144,Broadland,2,3,3,3,5,5,6,6,7,7,7,38,38,39,38,43,44,42,44,44,44,44,44,42
E07000145,Great Yarmouth,2,2,2,2,2,2,2,2,2,2,2,2,2,2,3,3,6,7,11,16,33,28,27,28
E07000146,King's Lynn and West Norfolk,4,5,5,5,5,5,15,15,15,15,15,12,13,13,15,16,17,28,41,40,39,38,40,41
E07000147,North Norfolk,1,2,3,3,3,3,3,3,3,3,3,5,3,5,9,8,6,5,6,6,6,6,6,6
E07000148,Norwich,6,6,6,6,6,6,6,7,7,7,8,14,16,14,15,17,15,25,26,31,30,34,34,39
E07000149,South Norfolk,2,4,4,4,4,4,5,5,5,9,12,14,11,12,16,17,13,14,14,13,12,17,16,16
E10000029,Suffolk,25,28,29,29,32,37,37,37,37,40,39,47,53,62,78,82,88,110,128,168,185,193,200,211
E07000200,Babergh,3,4,4,4,4,4,4,4,4,4,4,4,11,11,18,15,22,21,22,33,33,29,29,29
E07000244,East Suffolk,4,6,7,7,9,10,10,10,10,10,11,10,9,10,18,17,15,30,36,42,55,60,58,66
E07000202,Ipswich,3,3,3,3,3,4,4,4,4,4,3,4,4,4,5,12,9,9,26,30,28,31,33,34
E07000203,Mid Suffolk,1,1,1,1,1,4,4,4,4,4,4,4,4,4,4,4,6,6,8,8,8,8,9,17
E07000245,West Suffolk,14,14,14,14,15,15,15,15,15,18,17,25,25,33,33,34,36,44,36,55,61,65,71,65
E12000007,London,323,385,430,437,465,515,579,615,692,722,736,760,820,854,904,943,987,"1,044","1,145","1,216","1,238","1,341","1,365","1,431"
E13000001,Inner London,134,169,188,193,204,224,256,261,311,323,326,326,330,352,356,365,372,376,396,405,413,419,446,436
E09000007,Camden,4,5,5,5,6,9,14,11,11,11,11,11,14,14,13,12,12,11,12,12,12,12,12,11
E09000001,City of London,1,1,1,1,1,1,1,1,1,1,1,4,4,7,7,7,1,7,7,7,7,7,7,7
E09000012,Hackney,12,12,12,12,15,17,18,18,18,17,17,17,16,16,16,17,22,21,23,23,22,23,21,18
E09000013,Hammersmith and Fulham,12,28,34,34,37,37,41,39,39,46,50,50,49,49,49,51,53,53,57,58,58,57,57,57
E09000014,Haringey,7,11,11,12,11,15,15,15,19,23,23,23,23,26,27,29,29,29,34,34,34,35,37,34
E09000019,Islington,14,18,20,20,21,21,23,23,25,24,23,22,23,25,27,26,26,29,32,29,28,33,34,31
E09000020,Kensington and Chelsea,2,2,5,5,5,5,5,5,5,5,5,5,5,5,4,5,5,4,4,4,3,2,3,3
E09000022,Lambeth,9,15,18,18,18,19,18,19,19,20,20,20,21,21,21,21,22,22,22,22,26,24,31,37
E09000023,Lewisham,7,7,10,12,12,12,17,21,21,21,21,18,18,31,31,35,35,35,35,35,42,42,41,40
E09000025,Newham,5,10,11,13,15,14,14,13,13,14,13,12,12,11,11,12,12,12,13,20,20,19,22,23
E09000028,Southwark,13,12,13,13,14,15,24,23,24,24,24,26,26,26,26,25,27,24,24,24,27,25,28,30
E09000030,Tower Hamlets,11,12,11,11,11,11,12,20,22,20,20,20,20,18,19,16,16,25,26,28,27,29,32,31
E09000032,Wandsworth,15,13,13,13,13,13,14,13,25,25,25,25,28,31,32,34,36,36,36,37,37,40,48,38
E09000033,Westminster,22,23,24,24,25,35,40,40,69,72,73,73,71,72,73,75,76,68,71,72,70,71,73,76
E13000002,Outer London,189,216,242,244,261,291,323,354,381,399,410,434,490,502,548,578,615,668,749,811,825,922,919,995
E09000002,Barking and Dagenham,1,1,2,2,2,5,9,9,9,9,9,9,11,11,15,15,15,13,13,19,19,19,20,19
E09000003,Barnet,21,20,20,20,22,22,22,23,24,25,23,21,28,36,36,47,48,50,62,71,80,86,85,92
E09000004,Bexley,7,8,8,8,8,12,13,13,17,22,22,22,21,21,21,20,29,28,34,34,34,39,54,61
E09000005,Brent,14,14,16,16,16,16,19,19,21,21,19,18,18,19,20,20,20,17,18,16,16,20,20,29
E09000006,Bromley,8,8,10,11,14,14,15,16,17,17,18,18,35,36,41,40,39,39,51,52,56,57,42,49
E09000008,Croydon,18,19,20,20,23,24,23,22,23,27,24,33,45,45,50,46,48,58,58,67,69,71,61,64
E09000009,Ealing,12,29,31,31,31,36,37,37,37,36,35,35,35,36,44,43,45,44,45,55,55,61,64,62
E09000010,Enfield,7,12,14,14,14,15,16,20,21,21,24,25,25,25,27,25,40,41,43,50,51,51,50,70
E09000011,Greenwich,15,15,28,28,30,31,32,32,48,50,52,58,57,56,57,58,58,56,57,59,59,66,64,64
E09000015,Harrow,4,4,4,5,4,5,8,8,8,8,8,8,8,10,11,12,14,14,16,19,20,28,28,34
E09000016,Havering,6,6,6,6,7,9,14,14,14,14,13,13,25,25,36,37,41,38,40,50,51,53,57,58
E09000017,Hillingdon,26,29,29,29,28,28,32,43,43,43,42,41,41,41,47,65,67,71,79,78,76,83,82,84
E09000018,Hounslow,16,16,17,17,19,20,20,23,24,24,26,34,36,36,36,38,38,71,96,97,95,99,100,97
E09000021,Kingston upon Thames,2,2,2,2,4,8,8,8,8,8,16,16,16,16,16,19,18,21,19,19,21,43,44,45
E09000024,Merton,6,6,6,6,7,10,13,17,17,17,17,17,17,17,18,18,17,17,17,17,17,22,21,23
E09000026,Redbridge,14,15,16,16,16,18,18,24,24,28,28,27,32,32,30,30,31,31,31,32,31,36,38,37
E09000027,Richmond upon Thames,5,5,5,5,6,7,7,8,8,8,8,8,9,9,11,11,13,19,19,20,18,22,25,26
E09000029,Sutton,6,6,6,6,6,7,10,10,10,13,13,18,18,18,18,19,20,21,32,33,34,41,40,45
E09000031,Waltham Forest,1,1,2,2,4,4,7,8,8,8,13,13,13,13,14,15,14,19,19,23,23,25,24,36
E12000008,South East,469,488,514,532,573,636,703,711,760,794,835,880,947,978,1132,"1,255","1,276","1,410","1,597","1,670","1,825","2,011","2,165","2,292"
E06000036,Bracknell Forest,1,1,1,1,1,1,1,1,2,2,2,2,3,2,3,2,3,5,7,7,7,14,16,27
E06000043,Brighton and Hove,1,1,1,1,3,2,4,10,13,13,17,17,18,16,17,16,17,15,19,20,62,40,21,22
E06000046,Isle of Wight,2,3,3,3,2,2,2,3,3,3,3,5,6,6,43,11,13,13,13,13,14,16,16,17
E06000035,Medway,5,5,6,6,6,5,7,7,6,5,7,7,7,8,8,11,9,8,61,59,62,62,62,68
E06000042,Milton Keynes,88,88,89,89,93,114,116,117,123,121,129,108,110,118,8,151,144,144,167,171,192,227,236,246
E06000044,Portsmouth,2,2,2,2,2,2,3,5,5,5,5,5,5,7,131,7,7,12,13,13,19,27,29,28
E06000038,Reading,11,6,7,7,8,8,8,10,10,11,9,9,21,20,7,21,26,29,31,31,30,31,31,36
E06000039,Slough,13,21,21,21,21,29,30,31,31,35,36,36,36,35,23,52,56,40,45,47,51,26,26,34
E06000045,Southampton,3,3,4,4,5,5,6,5,10,10,10,12,12,12,35,11,11,10,14,18,20,22,22,21
E06000037,West Berkshire,28,28,29,29,29,29,31,34,36,36,37,37,40,52,12,71,80,87,104,101,87,97,112,119
E06000040,Windsor and Maidenhead,1,1,1,1,1,1,1,2,3,3,3,3,3,3,64,3,6,6,8,9,9,10,11,11
E06000041,Wokingham,27,31,31,31,32,34,35,35,35,35,35,36,38,38,3,43,44,46,49,49,49,49,51,52
E06000060,Buckinghamshire,16,17,22,22,25,27,33,33,33,35,36,36,42,41,41,51,44,47,52,66,69,69,73,79
E10000011,East Sussex,16,17,17,18,19,18,19,21,21,27,27,25,26,34,37,41,45,49,50,65,64,65,66,69
E07000061,Eastbourne,5,5,5,5,5,5,5,5,5,5,5,5,5,5,6,12,12,14,15,16,15,15,15,15
E07000062,Hastings,4,4,4,4,5,4,4,4,4,4,4,4,4,12,13,14,14,13,12,12,12,12,12,12
E07000063,Lewes,3,4,4,5,5,5,5,5,5,5,5,3,3,3,3,2,2,2,3,10,9,9,9,9
E07000064,Rother,1,1,1,1,1,1,1,2,2,8,8,8,8,8,8,8,8,9,9,15,15,14,16,17
E07000065,Wealden,3,3,3,3,3,3,4,5,5,5,5,5,6,6,7,5,9,11,11,12,13,15,14,16
E10000014,Hampshire,93,92,100,104,107,109,113,108,122,126,129,150,159,161,171,175,179,198,223,235,283,331,393,426
E07000084,Basingstoke and Deane,9,7,7,8,7,9,11,11,15,15,17,17,18,18,20,22,21,21,24,21,27,49,48,49
E07000085,East Hampshire,15,15,15,16,16,16,16,16,16,16,16,16,16,16,15,17,17,17,18,21,19,21,22,26
E07000086,Eastleigh,2,2,2,2,3,3,3,3,2,2,2,3,6,6,8,7,7,7,9,8,14,16,17,19
E07000087,Fareham,6,6,6,6,6,6,6,6,7,7,7,9,9,9,10,9,9,9,11,15,16,15,19,19
E07000088,Gosport,3,3,3,3,3,3,3,3,3,5,5,5,5,5,6,6,6,6,6,8,14,12,13,28
E07000089,Hart,13,15,19,19,19,19,19,19,20,20,18,20,20,20,20,20,21,25,33,33,57,65,67,70
E07000090,Havant,14,14,16,16,16,16,16,16,18,18,18,18,18,18,18,18,18,21,21,21,21,26,25,25
E07000091,New Forest,3,3,3,3,5,5,5,4,4,5,7,7,7,8,11,13,19,22,20,19,25,34,48,53
E07000092,Rushmoor,4,4,4,4,5,5,6,6,10,11,11,14,14,15,17,17,17,17,18,20,18,16,15,14
E07000093,Test Valley,9,8,10,11,11,11,11,9,10,10,10,11,11,11,11,11,15,20,24,32,34,37,34,37
E07000094,Winchester,15,15,15,16,16,16,17,15,17,17,18,30,35,35,35,35,29,33,39,37,38,40,85,86
E10000016,Kent,64,67,69,71,80,99,111,108,118,126,142,147,159,161,202,220,213,236,250,257,276,328,405,423
E07000105,Ashford,2,2,2,2,2,2,2,2,2,2,2,2,2,2,6,10,7,7,8,8,16,19,21,26
E07000106,Canterbury,1,1,2,2,3,3,4,3,4,4,4,6,6,5,19,12,13,20,22,25,25,22,22,23
E07000107,Dartford,9,11,11,11,11,24,30,26,26,28,40,40,40,40,40,40,42,40,42,42,44,43,61,62
E07000108,Dover,2,2,2,2,2,2,2,5,5,4,6,6,14,13,23,25,26,27,27,27,34,35,51,50
E07000112,Folkestone and Hythe,15,15,15,15,15,16,20,20,20,20,20,21,20,19,19,24,20,21,21,20,25,26,43,47
E07000109,Gravesham,2,2,2,2,2,2,2,2,2,4,4,4,4,4,4,6,6,6,7,7,7,11,11,12
E07000110,Maidstone,15,16,17,17,22,22,22,22,22,22,22,24,25,25,26,32,27,31,33,34,32,51,58,53
E07000111,Sevenoaks,5,5,5,5,5,5,5,5,13,13,13,13,13,14,15,15,16,16,19,20,18,17,17,19
E07000113,Swale,1,1,1,1,3,3,3,3,3,5,7,7,7,10,18,18,16,18,17,17,16,32,44,53
E07000114,Thanet,4,4,4,4,5,7,7,7,7,7,7,7,9,9,9,10,10,17,16,22,22,24,24,25
E07000115,Tonbridge and Malling,5,5,5,7,7,10,11,10,10,13,13,13,13,13,14,17,19,20,20,19,19,22,26,23
E07000116,Tunbridge Wells,3,3,3,3,3,3,3,3,4,4,4,4,6,7,9,11,11,13,18,16,18,26,27,30
E10000025,Oxfordshire,36,38,38,41,44,46,72,73,73,75,74,91,104,106,138,149,158,170,179,183,200,217,203,204
E07000177,Cherwell,6,7,7,7,9,10,30,30,30,30,30,33,33,33,61,67,77,78,87,88,91,100,88,88
E07000178,Oxford,2,4,4,4,5,5,5,5,5,7,7,21,32,32,34,35,35,38,39,42,41,42,37,34
E07000179,South Oxfordshire,20,20,20,20,20,21,21,21,21,21,21,21,21,22,22,26,25,26,26,26,29,29,30,31
E07000180,Vale of White Horse,4,2,2,5,5,5,11,11,11,11,12,12,14,15,15,17,17,18,17,17,23,28,29,31
E07000181,West Oxfordshire,4,5,5,5,5,5,5,6,6,6,4,4,4,4,6,4,4,10,10,10,16,18,19,20
E10000030,Surrey,41,44,49,53,63,66,68,67,71,73,79,95,99,99,119,148,145,166,167,177,175,214,214,226
E07000207,Elmbridge,14,14,14,16,21,21,22,22,22,22,22,22,23,23,23,25,25,39,36,37,43,57,57,61
E07000208,Epsom and Ewell,0,0,0,0,1,1,1,1,2,2,2,2,2,2,5,6,7,7,8,7,7,8,9,7
E07000209,Guildford,2,2,2,2,3,4,4,4,4,5,8,18,18,18,30,32,30,29,29,32,22,38,31,36
E07000210,Mole Valley,1,2,2,2,2,4,4,4,4,4,4,4,4,4,5,13,14,14,13,20,20,24,25,26
E07000211,Reigate and Banstead,4,4,4,4,4,4,4,4,4,4,4,6,8,8,10,13,11,11,9,10,12,12,12,13
E07000212,Runnymede,4,4,4,4,4,4,4,4,4,4,4,4,5,5,7,14,15,17,16,16,14,15,15,15
E07000213,Spelthorne,3,3,6,7,7,7,7,6,6,6,8,9,9,9,9,10,8,11,11,11,12,12,14,15
E07000214,Surrey Heath,4,5,7,8,8,8,8,9,9,9,9,10,10,10,8,10,10,10,13,14,14,15,16,17
E07000215,Tandridge,6,6,6,6,8,8,8,6,8,9,9,9,9,9,10,11,11,13,17,13,13,14,14,15
E07000216,Waverley,3,4,4,4,4,4,5,6,7,7,8,10,10,10,10,12,12,13,13,15,15,16,16,16
E07000217,Woking,0,0,0,0,1,1,1,1,1,1,1,1,1,1,2,2,2,2,2,2,3,3,5,5
E10000032,West Sussex,21,23,24,28,32,39,43,41,45,53,55,59,59,59,70,72,76,129,145,149,156,166,178,184
E07000223,Adur,0,1,2,3,3,3,3,3,3,3,3,3,4,4,5,4,4,9,9,9,9,16,15,15
E07000224,Arun,1,1,1,1,2,2,4,4,4,4,5,7,7,7,8,8,11,11,14,17,18,19,16,17
E07000225,Chichester,4,4,3,6,7,9,9,8,11,11,12,12,12,12,12,13,12,14,13,13,13,13,19,19
E07000226,Crawley,5,5,6,6,6,11,14,14,14,21,21,21,20,19,19,19,19,40,44,44,52,53,55,59
E07000227,Horsham,3,4,4,4,6,6,5,4,5,4,4,6,6,7,9,7,9,12,14,14,13,13,16,16
E07000228,Mid Sussex,5,5,5,5,5,5,5,5,5,5,5,5,5,5,11,12,12,33,40,41,40,41,42,43
E07000229,Worthing,3,3,3,3,3,3,3,3,3,5,5,5,5,5,6,9,9,10,11,11,11,11,15,15
E12000009,South West,216,248,272,278,306,344,359,375,422,445,469,512,553,605,675,756,812,969,"1,154","1,296","1,378","1,448","1,570","1,672"
E06000022,Bath and North East Somerset,1,1,3,3,3,3,3,3,3,3,3,6,6,8,11,20,19,19,21,21,18,18,18,20
E06000058,"Bournemouth, Christchurch and Poole",14,18,19,19,21,23,22,23,24,27,32,38,41,48,44,47,63,71,67,77,85,88,104,97
E06000023,"Bristol, City of",14,16,19,20,19,18,19,23,26,32,32,31,34,37,40,42,41,44,51,54,58,74,70,79
E06000052,Cornwall,27,28,27,27,28,33,34,34,44,45,48,50,53,56,68,73,82,120,152,159,162,163,159,160
E06000059,Dorset,8,11,12,12,14,15,17,19,21,23,27,26,29,34,38,42,56,58,72,78,85,88,94,106
E06000053,Isles of Scilly,0,0,0,0,0,0,0,0,0,0,0,0,0,0,0,0,0,0,0,0,0,0,0,0
E06000024,North Somerset,17,19,20,23,26,26,26,28,28,29,30,31,32,33,32,33,34,38,44,44,45,43,47,49
E06000026,Plymouth,4,7,7,7,8,8,8,9,9,9,8,8,8,8,11,11,10,29,33,37,69,86,97,104
E06000066,Somerset (from April 2023),[x],[x],[x],[x],[x],[x],[x],[x],[x],[x],[x],[x],[x],[x],[x],62,69,77,96,94,112,112,120,127
E06000025,South Gloucestershire,14,18,24,23,24,28,29,41,53,55,62,63,73,75,80,87,90,97,150,150,153,133,154,143
E06000030,Swindon,5,7,10,10,11,11,13,12,12,16,20,21,23,23,24,30,36,40,40,44,45,49,52,72
E06000027,Torbay,2,2,3,3,5,5,5,5,5,5,5,7,7,7,7,8,11,12,14,14,14,22,24,25
E06000054,Wiltshire,15,16,16,16,17,37,39,39,44,45,48,51,49,65,74,78,90,96,111,126,139,144,161,184
E10000008,Devon,40,44,48,48,58,62,65,63,70,69,70,87,97,103,128,150,138,195,233,258,250,269,280,306
E07000040,East Devon,8,8,8,8,10,11,13,13,17,17,17,17,17,17,21,26,28,42,40,50,40,50,46,59
E07000041,Exeter,7,8,10,10,10,10,10,9,10,9,10,24,28,27,43,41,20,71,77,90,91,101,101,106
E07000042,Mid Devon,8,8,8,8,12,12,13,12,13,13,13,15,19,19,19,19,19,19,19,19,21,23,26,27
E07000043,North Devon,3,4,6,6,6,6,6,6,7,7,7,7,9,14,17,20,20,20,20,20,20,26,34,41
E07000044,South Hams,1,1,1,1,1,2,2,2,2,2,2,2,2,4,5,3,1,3,3,5,6,13,13,13
E07000045,Teignbridge,1,1,1,1,3,5,5,5,5,5,5,5,5,5,6,23,30,30,48,48,47,30,33,35
E07000046,Torridge,6,6,6,6,6,6,6,6,6,6,6,6,6,6,6,7,7,7,7,7,6,7,6,4
E07000047,West Devon,6,8,8,8,10,10,10,10,10,10,10,11,11,11,11,11,13,3,19,19,19,19,21,21
E10000013,Gloucestershire,42,44,45,46,50,51,51,47,48,49,43,50,56,58,62,73,73,73,70,140,143,159,190,200
E07000078,Cheltenham,3,3,3,3,5,5,7,6,6,6,5,5,5,5,6,12,12,12,11,13,13,14,18,23
E07000079,Cotswold,4,4,4,4,5,5,5,3,3,3,3,3,7,8,8,11,11,9,9,9,12,14,18,20
E07000080,Forest of Dean,1,2,2,2,3,4,4,4,3,3,3,3,4,4,6,6,7,7,7,15,13,13,12,13
E07000081,Gloucester,6,7,8,9,9,9,9,9,11,11,11,12,13,13,13,13,12,12,12,13,17,17,17,18
E07000082,Stroud,25,25,25,25,25,25,23,23,23,23,18,22,22,24,24,25,25,25,23,70,68,88,112,111
E07000083,Tewkesbury,3,3,3,3,3,3,3,2,2,3,3,5,5,4,5,6,6,8,8,20,20,13,13,15
E10000027,Somerset (abolished April 2023),13,17,19,21,22,24,28,29,35,38,41,43,45,50,56,[x],[x],[x],[x],[x],[x],[x],[x],[x]
E07000187,Mendip (abolished April 2023),4,5,5,5,5,6,6,6,6,8,10,10,12,12,12,[x],[x],[x],[x],[x],[x],[x],[x],[x]
E07000188,Sedgemoor (abolished April 2023),5,5,6,6,6,6,7,7,7,7,5,7,7,12,15,[x],[x],[x],[x],[x],[x],[x],[x],[x]
E07000246,Somerset West and Taunton (abolished April 2023),2,2,2,2,2,2,2,2,8,9,12,12,12,11,13,[x],[x],[x],[x],[x],[x],[x],[x],[x]
E07000189,South Somerset (abolished April 2023),2,5,6,8,9,10,13,14,14,14,14,14,14,15,16,[x],[x],[x],[x],[x],[x],[x],[x],[x]
W92000004,Wales,58,71,79,85,93,102,114,141,160,169,185,213,223,283,350,379,419,440,555,587,618,636,691,753
W06000001,Isle of Anglesey,3,3,4,4,4,4,4,4,4,4,4,4,4,9,10,10,9,9,10,10,10,8,9,23
W06000002,Gwynedd,0,2,2,3,3,3,3,3,3,4,5,7,7,5,7,12,13,14,17,19,21,20,19,28
W06000003,Conwy,0,0,1,4,4,4,4,4,4,4,4,4,3,3,3,2,5,5,5,5,5,5,5,7
W06000004,Denbighshire,6,7,7,8,6,8,8,8,8,8,8,18,18,20,22,29,34,35,39,40,42,36,34,34
W06000005,Flintshire,3,3,3,3,4,4,4,12,12,12,12,14,14,13,13,15,15,15,23,46,43,32,41,41
W06000006,Wrexham,2,2,2,2,2,2,6,6,8,7,7,7,8,10,13,15,15,14,13,13,11,20,26,28
W06000023,Powys,1,1,1,1,2,2,3,3,3,3,3,3,6,14,11,15,15,19,21,23,28,29,29,29
W06000008,Ceredigion,2,2,3,3,3,3,4,4,10,10,11,11,11,11,12,24,25,25,25,30,26,27,26,29
W06000009,Pembrokeshire,2,2,2,2,2,5,5,5,5,5,5,7,9,21,16,21,22,28,38,38,40,41,41,41
W06000010,Carmarthenshire,4,6,6,6,7,7,7,8,8,10,11,16,16,26,49,42,43,53,70,72,77,71,83,82
W06000011,Swansea,4,4,4,4,7,7,7,6,9,9,15,16,16,21,40,23,23,21,56,60,47,49,60,71
W06000012,Neath Port Talbot,1,1,1,1,2,4,5,6,6,6,6,8,8,10,15,15,14,14,14,14,12,16,12,11
W06000013,Bridgend,10,10,10,10,10,10,10,10,10,10,10,10,10,10,18,19,19,19,26,28,28,28,36,48
W06000014,The Vale of Glamorgan,2,2,3,3,4,4,5,5,10,10,14,14,14,14,14,16,21,15,23,17,22,30,30,29
W06000015,Cardiff,10,10,12,12,12,12,14,30,31,31,31,33,36,36,39,37,45,61,65,66,82,76,75,77
W06000016,Rhondda Cynon Taf,0,0,0,0,0,0,0,1,1,1,2,2,3,4,7,8,9,8,12,13,16,23,34,37
W06000024,Merthyr Tydfil,0,0,1,1,1,1,1,1,1,2,2,2,2,2,2,2,6,3,5,5,7,6,6,5
W06000018,Caerphilly,0,2,3,4,5,5,6,7,7,7,7,7,8,10,8,9,13,9,13,10,14,14,14,15
W06000019,Blaenau Gwent,0,1,1,1,1,1,1,1,1,1,1,3,3,6,3,3,7,5,8,5,8,11,11,13
W06000020,Torfaen,0,1,1,1,1,1,1,1,1,2,2,2,2,2,3,3,5,4,7,5,6,13,14,17
W06000021,Monmouthshire,2,3,3,3,4,4,4,3,4,4,4,4,4,7,7,21,17,17,18,18,19,23,25,29
W06000022,Newport,6,9,9,9,9,11,12,13,14,19,21,21,21,29,38,38,44,47,47,50,54,58,61,59
S92000003,Scotland,410,451,483,487,506,544,602,657,684,707,743,775,825,947,1007,1051,1032,"1,172","1,326","1,422","1,556","1,578","1,853","2,042"
S12000033,Aberdeen City,14,13,15,15,15,16,24,24,24,25,25,27,26,39,36,34,36,44,52,58,69,69,83,93
S12000034,Aberdeenshire,15,15,15,15,15,16,17,18,18,20,22,22,22,26,28,28,22,22,41,44,49,43,54,54
S12000041,Angus,12,12,15,16,16,17,23,25,24,24,25,26,22,27,27,27,29,30,39,38,36,40,37,39
S12000035,Argyll & Bute,13,13,16,17,18,18,20,20,20,20,21,21,21,26,25,24,18,26,27,28,31,33,34,37
S12000036,City of Edinburgh,17,18,18,15,14,14,22,24,24,26,28,29,55,63,73,79,85,87,89,91,92,103,126,146
S12000005,Clackmannanshire,1,1,2,2,2,3,3,3,3,3,3,4,4,4,5,5,5,6,6,9,6,5,5,5
S12000006,Dumfries & Galloway,24,24,26,26,28,28,30,31,32,32,32,32,32,36,38,43,40,47,71,73,97,97,96,99
S12000042,Dundee City,39,39,41,39,39,41,41,43,43,42,42,42,43,56,58,57,62,63,60,66,80,71,82,108
S12000008,East Ayrshire,9,12,16,16,16,16,17,17,17,18,18,18,18,19,18,19,18,19,21,27,21,25,38,39
S12000045,East Dunbartonshire,3,3,4,4,4,4,4,4,4,4,4,4,4,4,3,3,3,8,8,8,9,8,13,22
S12000010,East Lothian,11,10,15,15,17,19,19,23,23,24,24,27,28,27,28,29,29,40,41,42,44,41,40,34
S12000011,East Renfrewshire,6,6,6,6,8,6,7,7,7,7,8,8,7,8,9,8,7,14,22,22,22,14,14,20
S12000014,Falkirk,5,6,6,10,11,11,11,11,11,12,12,12,12,15,23,23,18,23,24,25,24,24,32,32
S12000047,Fife,15,15,15,15,15,15,16,17,18,19,19,21,26,27,27,26,32,37,37,45,58,65,79,81
S12000049,Glasgow City,18,22,23,23,24,24,24,24,24,34,49,53,60,70,67,75,78,84,99,100,108,142,215,256
S12000017,Highland,52,54,55,58,59,74,74,79,81,83,87,89,90,111,117,119,109,117,118,125,125,122,137,135
S12000018,Inverclyde,2,2,2,4,4,4,4,5,5,5,5,5,4,3,4,5,8,9,18,30,31,32,37,44
S12000019,Midlothian,7,8,8,8,8,8,10,12,12,12,13,13,13,17,17,17,16,19,22,21,21,28,27,27
S12000020,Moray,6,7,7,7,7,7,7,8,8,8,9,10,11,15,16,15,14,14,15,15,16,15,15,15
S12000013,Na h-Eileanan Siar,9,8,8,7,7,7,7,7,7,7,7,7,7,10,10,10,7,8,11,12,15,14,18,19
S12000021,North Ayrshire,10,11,11,12,12,15,18,18,18,18,18,18,16,20,21,22,19,21,21,30,33,33,40,53
S12000050,North Lanarkshire,16,30,30,30,33,38,47,57,70,72,74,76,73,72,79,88,96,108,126,122,125,119,134,143
S12000023,Orkney Islands,4,6,6,7,7,7,7,9,10,10,11,11,12,10,15,15,10,10,11,11,11,4,4,5
S12000048,Perth & Kinross,31,33,35,33,37,37,37,41,44,45,45,46,52,55,57,59,53,67,67,78,84,80,82,87
S12000038,Renfrewshire,12,13,15,15,16,16,18,21,21,21,21,21,23,27,36,37,32,35,34,44,46,45,68,88
S12000026,Scottish Borders,12,15,16,16,16,17,19,19,20,20,20,20,20,18,23,24,14,22,27,29,33,31,37,33
S12000027,Shetland Islands,2,2,2,2,2,2,2,2,2,2,2,2,2,6,6,6,5,6,6,6,6,5,8,9
S12000028,South Ayrshire,7,8,7,7,7,10,12,12,12,12,12,15,16,18,18,17,18,19,19,19,25,31,38,40
S12000029,South Lanarkshire,18,18,20,20,20,24,31,43,45,45,47,55,62,67,73,82,76,80,93,99,131,125,122,132
S12000030,Stirling,14,18,19,18,18,18,18,20,24,23,24,24,25,27,26,28,27,29,29,28,40,37,46,58
S12000039,West Dunbartonshire,2,4,4,4,4,4,4,4,4,4,6,6,6,7,7,9,23,26,33,38,29,24,34,36
S12000040,West Lothian,4,5,5,5,7,8,9,9,9,10,10,11,13,17,17,18,23,32,39,39,39,53,58,53
N92000002,Northern Ireland,19,19,19,19,22,20,20,21,21,22,25,21,22,26,37,57,55,78,133,151,153,164,190,188
N09000001,Antrim and Newtownabbey,2,2,2,2,2,3,3,4,4,4,4,4,4,4,4,6,4,5,12,14,15,15,18,17
N09000011,Ards and North Down,0,0,0,0,0,0,0,0,0,0,0,0,0,0,0,5,6,6,14,15,16,16,16,21
N09000002,"Armagh City, Banbridge and Craigavon",1,1,1,1,1,1,1,1,1,2,2,1,1,1,1,4,3,5,6,10,7,7,20,19
N09000003,Belfast,5,5,5,5,5,5,5,5,5,5,7,5,6,6,13,18,17,20,39,41,42,40,39,38
N09000004,Causeway Coast and Glens,1,1,1,1,4,1,1,1,1,1,2,1,1,2,5,4,5,12,15,15,16,22,17,16
N09000005,Derry City and Strabane,1,1,1,1,1,1,1,1,1,1,1,1,1,2,1,1,3,5,6,6,6,6,7,8
N09000006,Fermanagh and Omagh,2,2,2,2,2,2,2,2,2,2,2,3,2,3,3,3,2,5,5,10,8,9,9,8
N09000007,Lisburn and Castlereagh,1,1,1,1,1,1,1,1,1,1,1,1,1,1,3,4,4,5,8,8,8,8,17,21
N09000008,Mid and East Antrim,2,2,2,2,2,2,2,2,2,2,2,2,2,3,3,4,4,9,9,10,13,14,18,14
N09000009,Mid Ulster,2,2,2,2,2,2,2,2,2,2,2,2,3,3,3,5,5,5,7,8,9,13,14,13
N09000010,"Newry, Mourne and Down",2,2,2,2,2,2,2,2,2,2,2,1,1,1,1,3,2,1,12,14,13,14,15,13
